ID,Gender
1003,Male
1005,Female
1008,Female
1009,Male
1012,Female
1014,Male
1017,Male
1018,Male
1022,Male
1023,Male
1025,Male
1027,Female
1028,Male
1030,Male
1033,Male
1034,Female
1035,Male
1036,Male
1038,Female
1040,Male
1041,Male
1043,Male
1044,Male
1047,Female
1050,Male
1051,Female
1055,Female
1057,Female
1060,Male
1061,Male
1062,Male
1064,Female
1068,Male
1072,Male
1073,Female
1075,Male
1077,Female
1078,Female
1079,Male
1080,Female
1081,Female
1083,Female
1084,Female
1087,Male
1088,Female
1089,Female
1091,Female
1092,Male
1093,Male
1095,Female
